from,to,from_lng,from_lat,to_lng,to_lat,total_trips,total_emissions,fiscalyear,school
city,city,-77.82226562499791,37.92686760148152,-104.63027289285213,50.455553967825125,2,600,FY2024-25,school1
city,city,-77.82226562499791,37.92686760148152,-89.38438974880495,43.05053732246628,20,600,FY2024-25,school1
city,city,-77.82226562499791,37.92686760148152,-93.29616538725276,44.98869395366694,40,600,FY2024-25,school1
city,city,-77.82226562499791,37.92686760148152,-92.31065185945876,34.76507528718565,80,600,FY2024-25,school1